Windspeed,optimizer_energy,optimizer_time,straight_energy,straight_time,percentage_energy_savings
0,4.957935125233215,65.00193589400772,4.958215492363094,64.95678068174638,0.005654597512175104
5,5.4682197857298265,69.26507085974998,6.287198395302125,64.4142800713928,13.026129574410282
10,6.135405105546644,72.65061846058386,8.330109272670953,67.98692645373333,26.34664318659775
15,7.050725972745357,73.75900994458127,11.555569377134033,67.98692683597127,38.98417513984888
20,8.271989286981475,74.75005945992542,16.034162140820996,67.98692681944206,48.410218043623175
25,9.848939554232103,74.59321118184334,22.015960143002403,66.42521156566161,55.264546763986985
30,11.800356798017722,72.39594263014008,29.652565333590395,62.138387811341566,60.20460062977994
