Windspeed,optimizer_energy,optimizer_time,straight_energy,straight_time,percentage_energy_savings
0,3.4923888945129233,65.00137180324344,3.4926671814006722,64.95681726909247,0.007967747091129618
5,4.2250377754101,70.01927018537009,4.931644577104601,65.7461951363216,14.328015546273493
10,5.244929558140914,72.63537330112052,7.3201635265715606,67.98692684363705,28.349557505071118
15,6.678909998550096,73.70067051400785,11.042895732487514,67.98692675339015,39.51849079855787
20,8.606172758246691,74.59994700840025,16.247388272291044,67.9869268479038,47.0304235116729
25,11.097811513663794,73.51652608450486,23.277558022615395,65.20102731444817,52.32398732340533
30,14.166046667408686,70.59741439056182,32.213712351171964,60.03989292932704,56.02479306644298
