Windspeed,optimizer_energy,optimizer_time,straight_energy,straight_time,percentage_energy_savings
0,3.4923888945129233,65.00137180324344,3.4926671814006722,64.95681726909247,0.007967747091129618
5,2.636468385047553,52.667608786016835,2.7686938027629155,50.144466567946765,4.775732787186971
10,2.097967657574948,43.48169572477245,2.2676347352685897,42.23381531447123,7.482116720775385
15,1.7290572294319242,36.8057182371199,1.953669233680161,35.54778330885988,11.496931024763661
20,1.5380290429912225,34.285994498201404,1.630141925405784,33.99346342395526,5.650605077937147
25,1.616996755164267,34.044774643944386,1.6542615368807143,33.993463424164155,2.2526535789929576
30,1.6374596926248557,35.317920758083574,1.8751261926284646,33.9934634239519,12.674693625310576
